/*M!999999\- enable the sandbox mode */ 
-- MariaDB dump 10.19-11.4.7-MariaDB, for debian-linux-gnu (x86_64)
--
-- Host: localhost    Database: balanzas
-- ------------------------------------------------------
-- Server version	11.4.7-MariaDB-0ubuntu0.25.04.1

/*!40101 SET @OLD_CHARACTER_SET_CLIENT=@@CHARACTER_SET_CLIENT */;
/*!40101 SET @OLD_CHARACTER_SET_RESULTS=@@CHARACTER_SET_RESULTS */;
/*!40101 SET @OLD_COLLATION_CONNECTION=@@COLLATION_CONNECTION */;
/*!40101 SET NAMES utf8mb4 */;
/*!40103 SET @OLD_TIME_ZONE=@@TIME_ZONE */;
/*!40103 SET TIME_ZONE='+00:00' */;
/*!40014 SET @OLD_UNIQUE_CHECKS=@@UNIQUE_CHECKS, UNIQUE_CHECKS=0 */;
/*!40014 SET @OLD_FOREIGN_KEY_CHECKS=@@FOREIGN_KEY_CHECKS, FOREIGN_KEY_CHECKS=0 */;
/*!40101 SET @OLD_SQL_MODE=@@SQL_MODE, SQL_MODE='NO_AUTO_VALUE_ON_ZERO' */;
/*M!100616 SET @OLD_NOTE_VERBOSITY=@@NOTE_VERBOSITY, NOTE_VERBOSITY=0 */;

--
-- Current Database: `balanzas`
--

CREATE DATABASE /*!32312 IF NOT EXISTS*/ `balanzas` /*!40100 DEFAULT CHARACTER SET utf8mb4 COLLATE utf8mb4_uca1400_ai_ci */;

USE `balanzas`;

--
-- Table structure for table `cameras`
--

DROP TABLE IF EXISTS `cameras`;
/*!40101 SET @saved_cs_client     = @@character_set_client */;
/*!40101 SET character_set_client = utf8mb4 */;
CREATE TABLE `cameras` (
  `id` int(11) NOT NULL AUTO_INCREMENT,
  `scale_id` int(11) DEFAULT NULL,
  `name` varchar(100) DEFAULT NULL,
  `url` varchar(255) DEFAULT NULL,
  PRIMARY KEY (`id`),
  KEY `scale_id` (`scale_id`),
  CONSTRAINT `cameras_ibfk_1` FOREIGN KEY (`scale_id`) REFERENCES `scales` (`id`) ON DELETE CASCADE
) ENGINE=InnoDB AUTO_INCREMENT=4 DEFAULT CHARSET=utf8mb4 COLLATE=utf8mb4_uca1400_ai_ci;
/*!40101 SET character_set_client = @saved_cs_client */;

--
-- Dumping data for table `cameras`
--

LOCK TABLES `cameras` WRITE;
/*!40000 ALTER TABLE `cameras` DISABLE KEYS */;
INSERT INTO `cameras` VALUES
(1,1,'Camara 1','http://live:Puerto.2022@192.168.16.214/snap.jpg'),
(2,2,'Camara 1','http://live:Puerto.2022@192.168.16.219/snap.jpg'),
(3,3,'Camara 1','http://live:Puerto.2022@192.168.16.218/snap.jpg');
/*!40000 ALTER TABLE `cameras` ENABLE KEYS */;
UNLOCK TABLES;

--
-- Temporary table structure for view `pesadas_agrupadas`
--

DROP TABLE IF EXISTS `pesadas_agrupadas`;
/*!50001 DROP VIEW IF EXISTS `pesadas_agrupadas`*/;
SET @saved_cs_client     = @@character_set_client;
SET character_set_client = utf8mb4;
/*!50001 CREATE VIEW `pesadas_agrupadas` AS SELECT
 1 AS `scale_id`,
  1 AS `first_weight_id`,
  1 AS `start_time`,
  1 AS `end_time` */;
SET character_set_client = @saved_cs_client;

--
-- Table structure for table `scales`
--

DROP TABLE IF EXISTS `scales`;
/*!40101 SET @saved_cs_client     = @@character_set_client */;
/*!40101 SET character_set_client = utf8mb4 */;
CREATE TABLE `scales` (
  `id` int(11) NOT NULL AUTO_INCREMENT,
  `name` varchar(100) DEFAULT NULL,
  `ip` varchar(100) DEFAULT NULL,
  `port` int(11) DEFAULT NULL,
  PRIMARY KEY (`id`)
) ENGINE=InnoDB AUTO_INCREMENT=4 DEFAULT CHARSET=utf8mb4 COLLATE=utf8mb4_uca1400_ai_ci;
/*!40101 SET character_set_client = @saved_cs_client */;

--
-- Dumping data for table `scales`
--

LOCK TABLES `scales` WRITE;
/*!40000 ALTER TABLE `scales` DISABLE KEYS */;
INSERT INTO `scales` VALUES
(1,'Balanza 2','192.168.14.100',1702),
(2,'Balanza 6','192.168.14.101',1702),
(3,'Balanza 5','192.168.14.102',1702);
/*!40000 ALTER TABLE `scales` ENABLE KEYS */;
UNLOCK TABLES;

--
-- Table structure for table `sessions`
--

DROP TABLE IF EXISTS `sessions`;
/*!40101 SET @saved_cs_client     = @@character_set_client */;
/*!40101 SET character_set_client = utf8mb4 */;
CREATE TABLE `sessions` (
  `id` int(11) NOT NULL AUTO_INCREMENT,
  `scale_id` int(11) DEFAULT NULL,
  `start_time` datetime DEFAULT NULL,
  `end_time` datetime DEFAULT NULL,
  PRIMARY KEY (`id`)
) ENGINE=InnoDB DEFAULT CHARSET=utf8mb4 COLLATE=utf8mb4_uca1400_ai_ci;
/*!40101 SET character_set_client = @saved_cs_client */;

--
-- Dumping data for table `sessions`
--

LOCK TABLES `sessions` WRITE;
/*!40000 ALTER TABLE `sessions` DISABLE KEYS */;
/*!40000 ALTER TABLE `sessions` ENABLE KEYS */;
UNLOCK TABLES;

--
-- Table structure for table `weights`
--

DROP TABLE IF EXISTS `weights`;
/*!40101 SET @saved_cs_client     = @@character_set_client */;
/*!40101 SET character_set_client = utf8mb4 */;
CREATE TABLE `weights` (
  `id` int(11) NOT NULL AUTO_INCREMENT,
  `scale_id` int(11) DEFAULT NULL,
  `weight` float DEFAULT NULL,
  `timestamp` datetime DEFAULT NULL,
  `stable` tinyint(1) DEFAULT NULL,
  `session_id` int(11) DEFAULT NULL,
  PRIMARY KEY (`id`),
  KEY `scale_id` (`scale_id`),
  CONSTRAINT `weights_ibfk_1` FOREIGN KEY (`scale_id`) REFERENCES `scales` (`id`) ON DELETE CASCADE
) ENGINE=InnoDB AUTO_INCREMENT=517 DEFAULT CHARSET=utf8mb4 COLLATE=utf8mb4_uca1400_ai_ci;
/*!40101 SET character_set_client = @saved_cs_client */;

--
-- Dumping data for table `weights`
--

LOCK TABLES `weights` WRITE;
/*!40000 ALTER TABLE `weights` DISABLE KEYS */;
INSERT INTO `weights` VALUES
(1,1,4280,'2025-06-30 16:34:08',0,NULL),
(2,1,4560,'2025-06-30 16:34:09',0,NULL),
(3,1,4600,'2025-06-30 16:34:10',0,NULL),
(4,1,6620,'2025-06-30 16:34:11',0,NULL),
(5,1,9060,'2025-06-30 16:34:12',0,NULL),
(6,1,9080,'2025-06-30 16:34:13',0,NULL),
(7,1,10140,'2025-06-30 16:34:14',0,NULL),
(8,1,12860,'2025-06-30 16:34:15',0,NULL),
(9,1,13180,'2025-06-30 16:34:16',0,NULL),
(10,1,13140,'2025-06-30 16:34:17',0,NULL),
(11,1,13760,'2025-06-30 16:34:19',0,NULL),
(12,1,15220,'2025-06-30 16:34:20',0,NULL),
(13,1,17300,'2025-06-30 16:34:21',0,NULL),
(14,1,17280,'2025-06-30 16:34:22',0,NULL),
(15,1,17240,'2025-06-30 16:34:23',0,NULL),
(16,1,17260,'2025-06-30 16:34:24',0,NULL),
(17,1,17280,'2025-06-30 16:34:25',0,NULL),
(18,1,17280,'2025-06-30 16:34:26',0,NULL),
(19,1,17260,'2025-06-30 16:34:27',0,NULL),
(20,1,17280,'2025-06-30 16:34:28',0,NULL),
(21,1,17280,'2025-06-30 16:34:29',0,NULL),
(22,1,17280,'2025-06-30 16:34:30',0,NULL),
(23,1,17280,'2025-06-30 16:34:31',0,NULL),
(24,1,17280,'2025-06-30 16:34:32',0,NULL),
(25,1,17280,'2025-06-30 16:34:33',1,NULL),
(26,1,17260,'2025-06-30 16:34:47',0,NULL),
(27,1,17260,'2025-06-30 16:34:48',0,NULL),
(28,1,17260,'2025-06-30 16:34:49',0,NULL),
(29,1,17260,'2025-06-30 16:34:50',0,NULL),
(30,1,17260,'2025-06-30 16:34:51',0,NULL),
(31,1,17260,'2025-06-30 16:34:57',0,NULL),
(32,1,17260,'2025-06-30 16:34:58',0,NULL),
(33,1,17260,'2025-06-30 16:35:01',0,NULL),
(34,1,17180,'2025-06-30 16:35:02',0,NULL),
(35,1,17180,'2025-06-30 16:35:03',0,NULL),
(36,1,17180,'2025-06-30 16:35:04',0,NULL),
(37,1,17180,'2025-06-30 16:35:05',0,NULL),
(38,1,17180,'2025-06-30 16:35:06',0,NULL),
(39,1,17180,'2025-06-30 16:35:07',1,NULL),
(40,1,17180,'2025-06-30 16:35:08',1,NULL),
(41,1,17160,'2025-06-30 16:35:09',0,NULL),
(42,1,17160,'2025-06-30 16:35:11',0,NULL),
(43,1,17160,'2025-06-30 16:35:12',0,NULL),
(44,1,17160,'2025-06-30 16:35:13',0,NULL),
(45,1,17160,'2025-06-30 16:35:14',0,NULL),
(46,1,17160,'2025-06-30 16:35:15',1,NULL),
(47,1,17160,'2025-06-30 16:35:16',1,NULL),
(48,1,17180,'2025-06-30 16:35:17',0,NULL),
(49,1,17160,'2025-06-30 16:35:18',0,NULL),
(50,1,17180,'2025-06-30 16:35:19',0,NULL),
(51,1,17180,'2025-06-30 16:35:20',0,NULL),
(52,1,17180,'2025-06-30 16:35:21',0,NULL),
(53,1,17180,'2025-06-30 16:35:22',0,NULL),
(54,1,17180,'2025-06-30 16:35:23',0,NULL),
(55,1,17180,'2025-06-30 16:35:24',1,NULL),
(56,1,17220,'2025-06-30 16:35:25',0,NULL),
(57,1,17260,'2025-06-30 16:35:30',0,NULL),
(58,1,17260,'2025-06-30 16:35:31',0,NULL),
(59,1,17260,'2025-06-30 16:35:33',0,NULL),
(60,1,17260,'2025-06-30 16:35:43',0,NULL),
(61,1,17240,'2025-06-30 16:35:46',0,NULL),
(62,1,14120,'2025-06-30 16:35:47',0,NULL),
(63,1,12580,'2025-06-30 16:35:48',0,NULL),
(64,1,12500,'2025-06-30 16:35:49',0,NULL),
(65,1,12480,'2025-06-30 16:35:50',0,NULL),
(66,1,12520,'2025-06-30 16:35:51',0,NULL),
(67,1,12520,'2025-06-30 16:35:52',0,NULL),
(68,1,8200,'2025-06-30 16:35:53',0,NULL),
(69,1,8120,'2025-06-30 16:35:54',0,NULL),
(70,1,8220,'2025-06-30 16:35:55',0,NULL),
(71,1,8240,'2025-06-30 16:35:57',0,NULL),
(72,1,7800,'2025-06-30 16:35:58',0,NULL),
(73,1,5500,'2025-06-30 16:35:59',0,NULL),
(74,1,3960,'2025-06-30 16:36:00',0,NULL),
(75,1,4220,'2025-06-30 16:36:01',0,NULL),
(76,1,4240,'2025-06-30 16:36:02',0,NULL),
(77,1,660,'2025-06-30 16:36:03',0,NULL),
(78,1,320,'2025-06-30 16:37:51',0,NULL),
(79,1,4320,'2025-06-30 16:37:52',0,NULL),
(80,1,4260,'2025-06-30 16:37:53',0,NULL),
(81,1,4320,'2025-06-30 16:37:54',0,NULL),
(82,1,11300,'2025-06-30 16:37:55',0,NULL),
(83,1,17760,'2025-06-30 16:37:56',0,NULL),
(84,1,17740,'2025-06-30 16:37:57',0,NULL),
(85,1,17680,'2025-06-30 16:37:58',0,NULL),
(86,1,23500,'2025-06-30 16:37:59',0,NULL),
(87,1,34380,'2025-06-30 16:38:00',0,NULL),
(88,1,34220,'2025-06-30 16:38:01',0,NULL),
(89,1,34020,'2025-06-30 16:38:02',0,NULL),
(90,1,33900,'2025-06-30 16:38:03',0,NULL),
(91,1,37900,'2025-06-30 16:38:04',0,NULL),
(92,3,3980,'2025-06-30 16:38:04',0,NULL),
(93,1,46840,'2025-06-30 16:38:05',0,NULL),
(94,3,4680,'2025-06-30 16:38:05',0,NULL),
(95,1,52800,'2025-06-30 16:38:06',0,NULL),
(96,3,4700,'2025-06-30 16:38:06',0,NULL),
(97,1,52760,'2025-06-30 16:38:07',0,NULL),
(98,3,4720,'2025-06-30 16:38:07',0,NULL),
(99,1,52720,'2025-06-30 16:38:08',0,NULL),
(100,3,4960,'2025-06-30 16:38:08',0,NULL),
(101,1,52680,'2025-06-30 16:38:09',0,NULL),
(102,3,9060,'2025-06-30 16:38:09',0,NULL),
(103,3,9040,'2025-06-30 16:38:10',0,NULL),
(104,1,52700,'2025-06-30 16:38:10',0,NULL),
(105,1,52720,'2025-06-30 16:38:11',0,NULL),
(106,3,9040,'2025-06-30 16:38:11',0,NULL),
(107,3,9040,'2025-06-30 16:38:13',0,NULL),
(108,1,52720,'2025-06-30 16:38:13',0,NULL),
(109,3,11140,'2025-06-30 16:38:14',0,NULL),
(110,1,52720,'2025-06-30 16:38:14',0,NULL),
(111,3,13240,'2025-06-30 16:38:15',0,NULL),
(112,1,52720,'2025-06-30 16:38:15',0,NULL),
(113,3,13140,'2025-06-30 16:38:16',0,NULL),
(114,1,52720,'2025-06-30 16:38:16',0,NULL),
(115,1,52720,'2025-06-30 16:38:17',1,NULL),
(116,3,13180,'2025-06-30 16:38:17',0,NULL),
(117,3,13240,'2025-06-30 16:38:18',0,NULL),
(118,3,13400,'2025-06-30 16:38:19',0,NULL),
(119,3,15020,'2025-06-30 16:38:20',0,NULL),
(120,3,17240,'2025-06-30 16:38:21',0,NULL),
(121,3,17220,'2025-06-30 16:38:22',0,NULL),
(122,3,17240,'2025-06-30 16:38:23',0,NULL),
(123,3,17240,'2025-06-30 16:38:24',0,NULL),
(124,3,17260,'2025-06-30 16:38:25',0,NULL),
(125,3,17260,'2025-06-30 16:38:26',0,NULL),
(126,3,17260,'2025-06-30 16:38:27',0,NULL),
(127,3,17260,'2025-06-30 16:38:28',0,NULL),
(128,3,17260,'2025-06-30 16:38:29',0,NULL),
(129,3,17240,'2025-06-30 16:38:30',0,NULL),
(130,3,17240,'2025-06-30 16:38:31',0,NULL),
(131,3,17240,'2025-06-30 16:38:32',0,NULL),
(132,3,17240,'2025-06-30 16:38:33',0,NULL),
(133,3,17240,'2025-06-30 16:38:34',0,NULL),
(134,3,17240,'2025-06-30 16:38:35',1,NULL),
(135,3,17260,'2025-06-30 16:38:40',0,NULL),
(136,3,17260,'2025-06-30 16:38:41',0,NULL),
(137,3,17260,'2025-06-30 16:38:42',0,NULL),
(138,3,17260,'2025-06-30 16:38:43',0,NULL),
(139,3,17260,'2025-06-30 16:38:44',0,NULL),
(140,3,17260,'2025-06-30 16:38:46',1,NULL),
(141,3,17260,'2025-06-30 16:38:47',1,NULL),
(142,3,17260,'2025-06-30 16:38:48',1,NULL),
(143,3,17280,'2025-06-30 16:38:49',0,NULL),
(144,3,17280,'2025-06-30 16:38:50',0,NULL),
(145,3,17280,'2025-06-30 16:38:51',0,NULL),
(146,3,17260,'2025-06-30 16:38:52',0,NULL),
(147,3,17260,'2025-06-30 16:38:53',0,NULL),
(148,3,17260,'2025-06-30 16:38:54',0,NULL),
(149,1,52740,'2025-06-30 16:38:55',0,NULL),
(150,1,52740,'2025-06-30 16:38:57',0,NULL),
(151,3,17260,'2025-06-30 16:38:57',0,NULL),
(152,3,17260,'2025-06-30 16:38:58',0,NULL),
(153,1,52700,'2025-06-30 16:38:59',0,NULL),
(154,3,17260,'2025-06-30 16:38:59',0,NULL),
(155,1,52460,'2025-06-30 16:39:00',0,NULL),
(156,1,48460,'2025-06-30 16:39:01',0,NULL),
(157,1,48100,'2025-06-30 16:39:02',0,NULL),
(158,3,17260,'2025-06-30 16:39:03',0,NULL),
(159,1,48060,'2025-06-30 16:39:03',0,NULL),
(160,3,17260,'2025-06-30 16:39:04',0,NULL),
(161,1,48060,'2025-06-30 16:39:04',0,NULL),
(162,3,17260,'2025-06-30 16:39:05',0,NULL),
(163,1,35280,'2025-06-30 16:39:05',0,NULL),
(164,3,17260,'2025-06-30 16:39:06',0,NULL),
(165,1,35060,'2025-06-30 16:39:06',0,NULL),
(166,3,17260,'2025-06-30 16:39:07',0,NULL),
(167,1,35000,'2025-06-30 16:39:07',0,NULL),
(168,3,17260,'2025-06-30 16:39:08',1,NULL),
(169,1,34980,'2025-06-30 16:39:08',0,NULL),
(170,3,17260,'2025-06-30 16:39:09',1,NULL),
(171,1,27260,'2025-06-30 16:39:09',0,NULL),
(172,3,17260,'2025-06-30 16:39:10',1,NULL),
(173,1,17720,'2025-06-30 16:39:10',0,NULL),
(174,3,17260,'2025-06-30 16:39:11',1,NULL),
(175,1,17940,'2025-06-30 16:39:11',0,NULL),
(176,3,17260,'2025-06-30 16:39:12',1,NULL),
(177,1,18920,'2025-06-30 16:39:12',0,NULL),
(178,1,19040,'2025-06-30 16:39:13',0,NULL),
(179,3,17260,'2025-06-30 16:39:13',1,NULL),
(180,1,7160,'2025-06-30 16:39:14',0,NULL),
(181,3,17260,'2025-06-30 16:39:14',1,NULL),
(182,1,140,'2025-06-30 16:39:15',0,NULL),
(183,3,17260,'2025-06-30 16:39:15',1,NULL),
(184,3,17260,'2025-06-30 16:39:16',1,NULL),
(185,3,17260,'2025-06-30 16:39:17',1,NULL),
(186,3,17260,'2025-06-30 16:39:18',1,NULL),
(187,3,17260,'2025-06-30 16:39:19',1,NULL),
(188,3,17260,'2025-06-30 16:39:20',1,NULL),
(189,3,17260,'2025-06-30 16:39:21',1,NULL),
(190,3,17260,'2025-06-30 16:39:23',1,NULL),
(191,3,17260,'2025-06-30 16:39:24',1,NULL),
(192,3,17260,'2025-06-30 16:39:25',1,NULL),
(193,3,17260,'2025-06-30 16:39:26',1,NULL),
(194,3,17260,'2025-06-30 16:39:27',1,NULL),
(195,3,17260,'2025-06-30 16:39:28',1,NULL),
(196,3,17260,'2025-06-30 16:39:29',1,NULL),
(197,3,17260,'2025-06-30 16:39:30',1,NULL),
(198,3,17260,'2025-06-30 16:39:31',1,NULL),
(199,3,17260,'2025-06-30 16:39:32',1,NULL),
(200,3,17260,'2025-06-30 16:39:33',1,NULL),
(201,3,17220,'2025-06-30 16:39:34',0,NULL),
(202,3,17280,'2025-06-30 16:39:35',0,NULL),
(203,3,13760,'2025-06-30 16:39:36',0,NULL),
(204,3,12680,'2025-06-30 16:39:37',0,NULL),
(205,3,12640,'2025-06-30 16:39:38',0,NULL),
(206,3,12600,'2025-06-30 16:39:39',0,NULL),
(207,3,11660,'2025-06-30 16:39:40',0,NULL),
(208,3,8200,'2025-06-30 16:39:41',0,NULL),
(209,3,8200,'2025-06-30 16:39:42',0,NULL),
(210,3,8180,'2025-06-30 16:39:43',0,NULL),
(211,3,6420,'2025-06-30 16:39:44',0,NULL),
(212,3,4120,'2025-06-30 16:39:45',0,NULL),
(213,3,4080,'2025-06-30 16:39:46',0,NULL),
(214,3,3920,'2025-06-30 16:39:47',0,NULL),
(215,3,340,'2025-06-30 16:39:48',0,NULL),
(216,1,3580,'2025-06-30 16:40:18',0,NULL),
(217,1,6400,'2025-06-30 16:40:19',0,NULL),
(218,1,6780,'2025-06-30 16:40:20',0,NULL),
(219,1,6940,'2025-06-30 16:40:21',0,NULL),
(220,1,15180,'2025-06-30 16:40:22',0,NULL),
(221,1,17120,'2025-06-30 16:40:23',0,NULL),
(222,1,16980,'2025-06-30 16:40:25',0,NULL),
(223,1,16920,'2025-06-30 16:40:26',0,NULL),
(224,1,20460,'2025-06-30 16:40:27',0,NULL),
(225,1,24280,'2025-06-30 16:40:28',0,NULL),
(226,1,33540,'2025-06-30 16:40:29',0,NULL),
(227,1,33560,'2025-06-30 16:40:30',0,NULL),
(228,1,33340,'2025-06-30 16:40:31',0,NULL),
(229,1,33240,'2025-06-30 16:40:32',0,NULL),
(230,1,39800,'2025-06-30 16:40:33',0,NULL),
(231,1,42040,'2025-06-30 16:40:34',0,NULL),
(232,1,51140,'2025-06-30 16:40:35',0,NULL),
(233,1,51280,'2025-06-30 16:40:36',0,NULL),
(234,1,51180,'2025-06-30 16:40:37',0,NULL),
(235,1,51280,'2025-06-30 16:40:38',0,NULL),
(236,1,51260,'2025-06-30 16:40:39',0,NULL),
(237,1,51260,'2025-06-30 16:40:40',0,NULL),
(238,1,51260,'2025-06-30 16:40:41',0,NULL),
(239,1,51260,'2025-06-30 16:40:42',0,NULL),
(240,1,51260,'2025-06-30 16:40:43',0,NULL),
(241,1,51260,'2025-06-30 16:40:44',1,NULL),
(242,1,51220,'2025-06-30 16:41:08',0,NULL),
(243,1,51240,'2025-06-30 16:41:09',0,NULL),
(244,1,51300,'2025-06-30 16:41:11',0,NULL),
(245,1,50560,'2025-06-30 16:41:12',0,NULL),
(246,1,44400,'2025-06-30 16:41:13',0,NULL),
(247,1,44380,'2025-06-30 16:41:14',0,NULL),
(248,1,44300,'2025-06-30 16:41:15',0,NULL),
(249,1,44180,'2025-06-30 16:41:16',0,NULL),
(250,1,35700,'2025-06-30 16:41:17',0,NULL),
(251,1,34260,'2025-06-30 16:41:19',0,NULL),
(252,1,34240,'2025-06-30 16:41:20',0,NULL),
(253,1,34140,'2025-06-30 16:41:21',0,NULL),
(254,1,31800,'2025-06-30 16:41:22',0,NULL),
(255,1,25860,'2025-06-30 16:41:23',0,NULL),
(256,1,16700,'2025-06-30 16:41:24',0,NULL),
(257,1,17040,'2025-06-30 16:41:25',0,NULL),
(258,1,18240,'2025-06-30 16:41:26',0,NULL),
(259,1,18380,'2025-06-30 16:41:27',0,NULL),
(260,1,6980,'2025-06-30 16:41:28',0,NULL),
(261,3,300,'2025-06-30 16:42:55',0,NULL),
(262,3,3540,'2025-06-30 16:42:56',0,NULL),
(263,3,3580,'2025-06-30 16:42:57',0,NULL),
(264,3,6780,'2025-06-30 16:42:58',0,NULL),
(265,3,7400,'2025-06-30 16:42:59',0,NULL),
(266,3,7400,'2025-06-30 16:43:00',0,NULL),
(267,3,7380,'2025-06-30 16:43:02',0,NULL),
(268,3,7460,'2025-06-30 16:43:03',0,NULL),
(269,3,10600,'2025-06-30 16:43:04',0,NULL),
(270,3,11800,'2025-06-30 16:43:05',0,NULL),
(271,3,11780,'2025-06-30 16:43:06',0,NULL),
(272,3,11800,'2025-06-30 16:43:07',0,NULL),
(273,3,11780,'2025-06-30 16:43:08',0,NULL),
(274,3,11780,'2025-06-30 16:43:09',0,NULL),
(275,3,11780,'2025-06-30 16:43:10',0,NULL),
(276,3,11780,'2025-06-30 16:43:11',0,NULL),
(277,3,11780,'2025-06-30 16:43:12',0,NULL),
(278,3,11780,'2025-06-30 16:43:13',1,NULL),
(279,1,4260,'2025-06-30 16:43:18',0,NULL),
(280,1,6280,'2025-06-30 16:43:19',0,NULL),
(281,1,6220,'2025-06-30 16:43:20',0,NULL),
(282,1,6320,'2025-06-30 16:43:21',0,NULL),
(283,1,20180,'2025-06-30 16:43:22',0,NULL),
(284,1,19780,'2025-06-30 16:43:23',0,NULL),
(285,1,18240,'2025-06-30 16:43:24',0,NULL),
(286,1,17340,'2025-06-30 16:43:25',0,NULL),
(287,1,18920,'2025-06-30 16:43:26',0,NULL),
(288,3,11800,'2025-06-30 16:43:27',0,NULL),
(289,1,20220,'2025-06-30 16:43:27',0,NULL),
(290,3,11800,'2025-06-30 16:43:28',0,NULL),
(291,1,22260,'2025-06-30 16:43:28',0,NULL),
(292,3,10400,'2025-06-30 16:43:29',0,NULL),
(293,1,35060,'2025-06-30 16:43:29',0,NULL),
(294,3,8280,'2025-06-30 16:43:30',0,NULL),
(295,1,47380,'2025-06-30 16:43:30',0,NULL),
(296,3,6540,'2025-06-30 16:43:31',0,NULL),
(297,1,47160,'2025-06-30 16:43:31',0,NULL),
(298,3,4380,'2025-06-30 16:43:32',0,NULL),
(299,1,47300,'2025-06-30 16:43:32',0,NULL),
(300,3,4420,'2025-06-30 16:43:33',0,NULL),
(301,1,47160,'2025-06-30 16:43:33',0,NULL),
(302,3,4480,'2025-06-30 16:43:34',0,NULL),
(303,1,47360,'2025-06-30 16:43:34',0,NULL),
(304,3,4100,'2025-06-30 16:43:35',0,NULL),
(305,1,47360,'2025-06-30 16:43:35',0,NULL),
(306,3,560,'2025-06-30 16:43:36',0,NULL),
(307,1,47200,'2025-06-30 16:43:37',0,NULL),
(308,1,47320,'2025-06-30 16:43:38',0,NULL),
(309,1,47300,'2025-06-30 16:43:39',0,NULL),
(310,1,47280,'2025-06-30 16:43:40',0,NULL),
(311,1,47240,'2025-06-30 16:43:41',0,NULL),
(312,1,47260,'2025-06-30 16:43:42',0,NULL),
(313,1,47260,'2025-06-30 16:43:43',0,NULL),
(314,1,47260,'2025-06-30 16:43:44',0,NULL),
(315,1,47260,'2025-06-30 16:43:45',0,NULL),
(316,1,47260,'2025-06-30 16:43:46',0,NULL),
(317,1,47260,'2025-06-30 16:43:47',1,NULL),
(318,1,47280,'2025-06-30 16:43:59',0,NULL),
(319,1,47280,'2025-06-30 16:44:03',0,NULL),
(320,1,47300,'2025-06-30 16:44:08',0,NULL),
(321,1,47300,'2025-06-30 16:44:09',0,NULL),
(322,1,47320,'2025-06-30 16:44:11',0,NULL),
(323,1,46800,'2025-06-30 16:44:12',0,NULL),
(324,1,40480,'2025-06-30 16:44:13',0,NULL),
(325,1,40400,'2025-06-30 16:44:14',0,NULL),
(326,1,40660,'2025-06-30 16:44:15',0,NULL),
(327,1,36320,'2025-06-30 16:44:16',0,NULL),
(328,1,27220,'2025-06-30 16:44:17',0,NULL),
(329,1,27620,'2025-06-30 16:44:18',0,NULL),
(330,1,28040,'2025-06-30 16:44:19',0,NULL),
(331,1,28100,'2025-06-30 16:44:21',0,NULL),
(332,1,28160,'2025-06-30 16:44:22',0,NULL),
(333,1,24580,'2025-06-30 16:44:23',0,NULL),
(334,1,27480,'2025-06-30 16:44:24',0,NULL),
(335,1,13500,'2025-06-30 16:44:25',0,NULL),
(336,1,1300,'2025-06-30 16:44:26',0,NULL),
(337,3,620,'2025-06-30 16:50:49',0,NULL),
(338,3,4620,'2025-06-30 16:50:51',0,NULL),
(339,3,4640,'2025-06-30 16:50:52',0,NULL),
(340,3,8320,'2025-06-30 16:50:53',0,NULL),
(341,3,10460,'2025-06-30 16:50:54',0,NULL),
(342,3,10640,'2025-06-30 16:50:55',0,NULL),
(343,3,10440,'2025-06-30 16:50:56',0,NULL),
(344,3,10500,'2025-06-30 16:50:57',0,NULL),
(345,3,14900,'2025-06-30 16:50:58',0,NULL),
(346,3,19220,'2025-06-30 16:50:59',0,NULL),
(347,3,19320,'2025-06-30 16:51:00',0,NULL),
(348,3,19300,'2025-06-30 16:51:02',0,NULL),
(349,3,19340,'2025-06-30 16:51:03',0,NULL),
(350,3,19320,'2025-06-30 16:51:04',0,NULL),
(351,3,19340,'2025-06-30 16:51:05',0,NULL),
(352,3,19320,'2025-06-30 16:51:06',0,NULL),
(353,3,19340,'2025-06-30 16:51:07',0,NULL),
(354,1,100,'2025-06-30 16:51:09',0,NULL),
(355,3,19320,'2025-06-30 16:51:24',0,NULL),
(356,3,19340,'2025-06-30 16:51:25',0,NULL),
(357,3,15280,'2025-06-30 16:51:33',0,NULL),
(358,3,14880,'2025-06-30 16:51:34',0,NULL),
(359,3,14820,'2025-06-30 16:51:35',0,NULL),
(360,3,8820,'2025-06-30 16:51:36',0,NULL),
(361,3,8940,'2025-06-30 16:51:38',0,NULL),
(362,3,6040,'2025-06-30 16:51:39',0,NULL),
(363,3,0,'2025-06-30 16:51:40',1,NULL),
(364,3,3700,'2025-06-30 16:55:20',0,NULL),
(365,3,5020,'2025-06-30 16:55:21',0,NULL),
(366,3,6740,'2025-06-30 16:55:23',0,NULL),
(367,3,10200,'2025-06-30 16:55:24',0,NULL),
(368,3,10260,'2025-06-30 16:55:25',0,NULL),
(369,3,12320,'2025-06-30 16:55:26',0,NULL),
(370,3,15900,'2025-06-30 16:55:27',0,NULL),
(371,3,16360,'2025-06-30 16:55:28',0,NULL),
(372,3,16340,'2025-06-30 16:55:31',0,NULL),
(373,3,16300,'2025-06-30 16:55:32',0,NULL),
(374,3,16320,'2025-06-30 16:55:33',0,NULL),
(375,3,16340,'2025-06-30 16:55:38',0,NULL),
(376,3,16320,'2025-06-30 16:55:43',0,NULL),
(377,3,16340,'2025-06-30 16:55:44',0,NULL),
(378,3,16320,'2025-06-30 16:55:48',0,NULL),
(379,3,16340,'2025-06-30 16:55:51',0,NULL),
(380,3,16320,'2025-06-30 16:55:52',0,NULL),
(381,3,16340,'2025-06-30 16:55:53',0,NULL),
(382,3,16320,'2025-06-30 16:55:54',0,NULL),
(383,3,16340,'2025-06-30 16:55:55',0,NULL),
(384,3,16280,'2025-06-30 16:55:56',0,NULL),
(385,3,11440,'2025-06-30 16:55:57',0,NULL),
(386,3,11080,'2025-06-30 16:55:58',0,NULL),
(387,3,6160,'2025-06-30 16:55:59',0,NULL),
(388,3,6180,'2025-06-30 16:56:00',0,NULL),
(389,3,3140,'2025-06-30 16:56:01',0,NULL),
(390,3,3220,'2025-06-30 17:06:49',0,NULL),
(391,3,3380,'2025-06-30 17:06:50',0,NULL),
(392,3,4480,'2025-06-30 17:06:51',0,NULL),
(393,3,11120,'2025-06-30 17:06:52',0,NULL),
(394,3,11140,'2025-06-30 17:06:53',0,NULL),
(395,3,11120,'2025-06-30 17:06:54',0,NULL),
(396,3,11100,'2025-06-30 17:06:55',0,NULL),
(397,3,11000,'2025-06-30 17:06:56',0,NULL),
(398,3,11120,'2025-06-30 17:06:57',0,NULL),
(399,3,11140,'2025-06-30 17:06:58',0,NULL),
(400,3,11120,'2025-06-30 17:06:59',0,NULL),
(401,3,11100,'2025-06-30 17:07:00',0,NULL),
(402,3,11080,'2025-06-30 17:07:01',0,NULL),
(403,3,11100,'2025-06-30 17:07:04',0,NULL),
(404,3,11120,'2025-06-30 17:07:05',0,NULL),
(405,3,11100,'2025-06-30 17:07:06',0,NULL),
(406,3,11080,'2025-06-30 17:07:10',0,NULL),
(407,3,11100,'2025-06-30 17:07:11',0,NULL),
(408,3,11080,'2025-06-30 17:07:12',0,NULL),
(409,3,10940,'2025-06-30 17:07:26',0,NULL),
(410,3,7800,'2025-06-30 17:07:27',0,NULL),
(411,3,7820,'2025-06-30 17:07:28',0,NULL),
(412,3,7340,'2025-06-30 17:07:29',0,NULL),
(413,3,0,'2025-06-30 17:07:31',1,NULL),
(414,3,220,'2025-06-30 17:08:42',0,NULL),
(415,3,3400,'2025-06-30 17:08:43',0,NULL),
(416,3,3460,'2025-06-30 17:08:44',0,NULL),
(417,3,3640,'2025-06-30 17:08:45',0,NULL),
(418,3,7400,'2025-06-30 17:08:46',0,NULL),
(419,3,7320,'2025-06-30 17:08:47',0,NULL),
(420,3,7340,'2025-06-30 17:08:48',0,NULL),
(421,3,7380,'2025-06-30 17:08:49',0,NULL),
(422,3,7360,'2025-06-30 17:08:50',0,NULL),
(423,3,7480,'2025-06-30 17:08:51',0,NULL),
(424,3,9400,'2025-06-30 17:08:52',0,NULL),
(425,3,12300,'2025-06-30 17:08:53',0,NULL),
(426,3,12620,'2025-06-30 17:08:54',0,NULL),
(427,3,12540,'2025-06-30 17:08:56',0,NULL),
(428,3,12620,'2025-06-30 17:08:57',0,NULL),
(429,3,12600,'2025-06-30 17:08:58',0,NULL),
(430,3,12620,'2025-06-30 17:09:08',0,NULL),
(431,3,12600,'2025-06-30 17:09:09',0,NULL),
(432,3,12560,'2025-06-30 17:09:10',0,NULL),
(433,3,9900,'2025-06-30 17:09:11',0,NULL),
(434,3,9120,'2025-06-30 17:09:12',0,NULL),
(435,3,9200,'2025-06-30 17:09:13',0,NULL),
(436,3,5360,'2025-06-30 17:09:14',0,NULL),
(437,3,5140,'2025-06-30 17:09:15',0,NULL),
(438,3,5240,'2025-06-30 17:09:16',0,NULL),
(439,3,5300,'2025-06-30 17:09:17',0,NULL),
(440,3,2640,'2025-06-30 17:09:18',0,NULL),
(441,3,0,'2025-06-30 17:09:19',1,NULL),
(442,1,4000,'2025-06-30 17:16:02',0,NULL),
(443,1,5080,'2025-06-30 17:16:03',0,NULL),
(444,1,4840,'2025-06-30 17:16:04',0,NULL),
(445,1,6760,'2025-06-30 17:16:05',0,NULL),
(446,1,8620,'2025-06-30 17:16:06',0,NULL),
(447,1,8600,'2025-06-30 17:16:07',0,NULL),
(448,1,8580,'2025-06-30 17:16:08',0,NULL),
(449,1,8800,'2025-06-30 17:16:09',0,NULL),
(450,1,10520,'2025-06-30 17:16:10',0,NULL),
(451,1,11920,'2025-06-30 17:16:11',0,NULL),
(452,1,11960,'2025-06-30 17:16:12',0,NULL),
(453,1,12020,'2025-06-30 17:16:14',0,NULL),
(454,1,16380,'2025-06-30 17:16:15',0,NULL),
(455,1,16340,'2025-06-30 17:16:16',0,NULL),
(456,1,16320,'2025-06-30 17:16:17',0,NULL),
(457,1,16340,'2025-06-30 17:16:18',0,NULL),
(458,1,16320,'2025-06-30 17:16:19',0,NULL),
(459,1,16340,'2025-06-30 17:16:20',0,NULL),
(460,1,16300,'2025-06-30 17:16:24',0,NULL),
(461,1,16340,'2025-06-30 17:16:25',0,NULL),
(462,1,16320,'2025-06-30 17:16:56',0,NULL),
(463,1,16340,'2025-06-30 17:16:58',0,NULL),
(464,1,16360,'2025-06-30 17:17:00',0,NULL),
(465,1,16260,'2025-06-30 17:17:01',0,NULL),
(466,1,16240,'2025-06-30 17:17:12',0,NULL),
(467,1,16260,'2025-06-30 17:17:15',0,NULL),
(468,1,16320,'2025-06-30 17:17:38',0,NULL),
(469,1,16340,'2025-06-30 17:17:41',0,NULL),
(470,1,16380,'2025-06-30 17:17:52',0,NULL),
(471,1,16420,'2025-06-30 17:17:53',0,NULL),
(472,1,16380,'2025-06-30 17:17:54',0,NULL),
(473,1,11380,'2025-06-30 17:17:55',0,NULL),
(474,1,11340,'2025-06-30 17:17:56',0,NULL),
(475,1,11160,'2025-06-30 17:17:57',0,NULL),
(476,1,7980,'2025-06-30 17:17:58',0,NULL),
(477,1,7760,'2025-06-30 17:17:59',0,NULL),
(478,1,7780,'2025-06-30 17:18:00',0,NULL),
(479,1,6800,'2025-06-30 17:18:02',0,NULL),
(480,1,5340,'2025-06-30 17:18:03',0,NULL),
(481,1,4280,'2025-06-30 17:18:04',0,NULL),
(482,1,4380,'2025-06-30 17:18:05',0,NULL),
(483,1,4360,'2025-06-30 17:18:06',0,NULL),
(484,1,4400,'2025-06-30 17:18:07',0,NULL),
(485,1,0,'2025-06-30 17:18:08',1,NULL),
(486,3,100,'2025-06-30 17:18:23',0,NULL),
(487,3,5120,'2025-06-30 17:18:24',0,NULL),
(488,3,5060,'2025-06-30 17:18:25',0,NULL),
(489,3,5080,'2025-06-30 17:18:26',0,NULL),
(490,3,8560,'2025-06-30 17:18:27',0,NULL),
(491,3,8580,'2025-06-30 17:18:29',0,NULL),
(492,3,8560,'2025-06-30 17:18:31',0,NULL),
(493,3,10400,'2025-06-30 17:18:32',0,NULL),
(494,3,11920,'2025-06-30 17:18:33',0,NULL),
(495,3,12000,'2025-06-30 17:18:34',0,NULL),
(496,3,11900,'2025-06-30 17:18:35',0,NULL),
(497,3,11920,'2025-06-30 17:18:36',0,NULL),
(498,3,11880,'2025-06-30 17:18:37',0,NULL),
(499,3,11960,'2025-06-30 17:18:38',0,NULL),
(500,3,16320,'2025-06-30 17:18:39',0,NULL),
(501,3,16300,'2025-06-30 17:18:53',0,NULL),
(502,3,16320,'2025-06-30 17:18:54',0,NULL),
(503,3,16300,'2025-06-30 17:19:17',0,NULL),
(504,3,16320,'2025-06-30 17:19:19',0,NULL),
(505,3,16340,'2025-06-30 17:19:34',0,NULL),
(506,3,16300,'2025-06-30 17:19:35',0,NULL),
(507,3,15140,'2025-06-30 17:19:37',0,NULL),
(508,3,11340,'2025-06-30 17:19:38',0,NULL),
(509,3,11380,'2025-06-30 17:19:39',0,NULL),
(510,3,11300,'2025-06-30 17:19:40',0,NULL),
(511,3,7960,'2025-06-30 17:19:41',0,NULL),
(512,3,7740,'2025-06-30 17:19:42',0,NULL),
(513,3,7760,'2025-06-30 17:19:44',0,NULL),
(514,3,7680,'2025-06-30 17:19:45',0,NULL),
(515,3,6260,'2025-06-30 17:19:46',0,NULL),
(516,3,4380,'2025-06-30 17:19:47',0,NULL);
/*!40000 ALTER TABLE `weights` ENABLE KEYS */;
UNLOCK TABLES;

--
-- Current Database: `balanzas`
--

USE `balanzas`;

--
-- Final view structure for view `pesadas_agrupadas`
--

/*!50001 DROP VIEW IF EXISTS `pesadas_agrupadas`*/;
/*!50001 SET @saved_cs_client          = @@character_set_client */;
/*!50001 SET @saved_cs_results         = @@character_set_results */;
/*!50001 SET @saved_col_connection     = @@collation_connection */;
/*!50001 SET character_set_client      = utf8mb3 */;
/*!50001 SET character_set_results     = utf8mb3 */;
/*!50001 SET collation_connection      = utf8mb3_general_ci */;
/*!50001 CREATE ALGORITHM=UNDEFINED */
/*!50013 DEFINER=`root`@`localhost` SQL SECURITY DEFINER */
/*!50001 VIEW `pesadas_agrupadas` AS select `sub`.`scale_id` AS `scale_id`,min(`sub`.`id`) AS `first_weight_id`,min(`sub`.`timestamp`) AS `start_time`,max(`sub`.`timestamp`) AS `end_time` from (select `weights`.`id` AS `id`,`weights`.`scale_id` AS `scale_id`,`weights`.`weight` AS `weight`,`weights`.`timestamp` AS `timestamp`,`weights`.`stable` AS `stable`,`weights`.`session_id` AS `session_id`,`weights`.`timestamp` - interval row_number() over ( partition by `weights`.`scale_id` order by `weights`.`timestamp`) second AS `grupo` from `weights` where `weights`.`weight` >= 100) `sub` group by `sub`.`scale_id`,`sub`.`grupo` */;
/*!50001 SET character_set_client      = @saved_cs_client */;
/*!50001 SET character_set_results     = @saved_cs_results */;
/*!50001 SET collation_connection      = @saved_col_connection */;
/*!40103 SET TIME_ZONE=@OLD_TIME_ZONE */;

/*!40101 SET SQL_MODE=@OLD_SQL_MODE */;
/*!40014 SET FOREIGN_KEY_CHECKS=@OLD_FOREIGN_KEY_CHECKS */;
/*!40014 SET UNIQUE_CHECKS=@OLD_UNIQUE_CHECKS */;
/*!40101 SET CHARACTER_SET_CLIENT=@OLD_CHARACTER_SET_CLIENT */;
/*!40101 SET CHARACTER_SET_RESULTS=@OLD_CHARACTER_SET_RESULTS */;
/*!40101 SET COLLATION_CONNECTION=@OLD_COLLATION_CONNECTION */;
/*M!100616 SET NOTE_VERBOSITY=@OLD_NOTE_VERBOSITY */;

-- Dump completed on 2025-06-30 17:19:49
